{
  "minRSSI": -90,
  "maxRSSI": -30,
  "avgRSSI": -55,
  "calculationTimeMs": 10,
  "gridStep": 1,
  "lodLevel": 2,
  "totalCells": 300,
  "gridWidth": 30,
  "gridHeight": 10,
  "apIds": [
    "ap-1",
    "ap-2"
  ],
  "coverageBins": {
    "excellent": 40,
    "good": 60,
    "fair": 50,
    "poor": 80,
    "none": 70
  },
  "rssiGrid": [
    -55.677669525146484,
    -54.0078125,
    -52.5773811340332,
    -51.462913513183594,
    -50.7475471496582,
    -50.5,
    -50.7475471496582,
    -51.462913513183594,
    -52.5773811340332,
    -54.0078125,
    -55.677669525146484,
    -57.5256233215332,
    -59.50581359863281,
    -61.58495330810547,
    -63.73907470703125,
    -65.95085144042969,
    -68.2076187133789,
    -70.5,
    -72.82096862792969,
    -75.16516876220703,
    -77.52847290039062,
    -75.61249542236328,
    -73.32380676269531,
    -71.54065704345703,
    -70.39608001708984,
    -70,
    -70.39608001708984,
    -71.54065704345703,
    -73.32380676269531,
    -75.61249542236328,
    -54.0078125,
    -52.14213562011719,
    -50.5,
    -49.18033981323242,
    -48.30776596069336,
    -48,
    -48.30776596069336,
    -49.18033981323242,
    -50.5,
    -52.14213562011719,
    -54.0078125,
    -56.02775573730469,
    -58.155643463134766,
    -60.360679626464844,
    -62.62214279174805,
    -64.92582702636719,
    -67.26174926757812,
    -69.6227798461914,
    -72.00367736816406,
    -74.40055084228516,
    -75.61249542236328,
    -72.6274185180664,
    -70,
    -67.88854217529297,
    -66.49242401123047,
    -66,
    -66.49242401123047,
    -67.88854217529297,
    -70,
    -72.6274185180664,
    -52.5773811340332,
    -50.5,
    -48.60660171508789,
    -47.013877868652344,
    -45.90569305419922,
    -45.5,
    -45.90569305419922,
    -47.013877868652344,
    -48.60660171508789,
    -50.5,
    -52.5773811340332,
    -54.770511627197266,
    -57.039432525634766,
    -59.360008239746094,
    -61.71708297729492,
    -64.10076904296875,
    -66.50438690185547,
    -68.92329406738281,
    -71.35415649414062,
    -73.7945556640625,
    -73.32380676269531,
    -70,
    -66.97056579589844,
    -64.42220306396484,
    -62.64910888671875,
    -62,
    -62.64910888671875,
    -64.42220306396484,
    -66.97056579589844,
    -70,
    -51.462913513183594,
    -49.18033981323242,
    -47.013877868652344,
    -45.071067810058594,
    -43.590171813964844,
    -43,
    -43.590171813964844,
    -45.071067810058594,
    -47.013877868652344,
    -49.18033981323242,
    -51.462913513183594,
    -53.8113899230957,
    -56.20027542114258,
    -58.61552810668945,
    -61.04886245727539,
    -63.49509811401367,
    -65.95085144042969,
    -68.41381072998047,
    -70.88236236572266,
    -73.35533905029297,
    -71.54065704345703,
    -67.88854217529297,
    -64.42220306396484,
    -61.3137092590332,
    -58.944271087646484,
    -58,
    -58.944271087646484,
    -61.3137092590332,
    -64.42220306396484,
    -67.88854217529297,
    -50.7475471496582,
    -48.30776596069336,
    -45.90569305419922,
    -43.590171813964844,
    -41.5355339050293,
    -40.5,
    -41.5355339050293,
    -43.590171813964844,
    -45.90569305419922,
    -48.30776596069336,
    -50.7475471496582,
    -53.206905364990234,
    -55.677669525146484,
    -58.155643463134766,
    -60.63846206665039,
    -63.12468719482422,
    -65.6134033203125,
    -68.10398864746094,
    -70.59600830078125,
    -73.08917236328125,
    -70.39608001708984,
    -66.49242401123047,
    -62.64910888671875,
    -58.944271087646484,
    -55.65685272216797,
    -54,
    -55.65685272216797,
    -58.944271087646484,
    -62.64910888671875,
    -66.49242401123047,
    -50.5,
    -48,
    -45.5,
    -43,
    -40.5,
    -38,
    -40.5,
    -43,
    -45.5,
    -48,
    -50.5,
    -53,
    -55.5,
    -58,
    -60.5,
    -63,
    -65.5,
    -68,
    -70.5,
    -73,
    -70,
    -66,
    -62,
    -58,
    -54,
    -50,
    -54,
    -58,
    -62,
    -66,
    -50.7475471496582,
    -48.30776596069336,
    -45.90569305419922,
    -43.590171813964844,
    -41.5355339050293,
    -40.5,
    -41.5355339050293,
    -43.590171813964844,
    -45.90569305419922,
    -48.30776596069336,
    -50.7475471496582,
    -53.206905364990234,
    -55.677669525146484,
    -58.155643463134766,
    -60.63846206665039,
    -63.12468719482422,
    -65.6134033203125,
    -68.10398864746094,
    -70.59600830078125,
    -73.08917236328125,
    -70.39608001708984,
    -66.49242401123047,
    -62.64910888671875,
    -58.944271087646484,
    -55.65685272216797,
    -54,
    -55.65685272216797,
    -58.944271087646484,
    -62.64910888671875,
    -66.49242401123047,
    -51.462913513183594,
    -49.18033981323242,
    -47.013877868652344,
    -45.071067810058594,
    -43.590171813964844,
    -43,
    -43.590171813964844,
    -45.071067810058594,
    -47.013877868652344,
    -49.18033981323242,
    -51.462913513183594,
    -53.8113899230957,
    -56.20027542114258,
    -58.61552810668945,
    -61.04886245727539,
    -63.49509811401367,
    -65.95085144042969,
    -68.41381072998047,
    -70.88236236572266,
    -73.35533905029297,
    -71.54065704345703,
    -67.88854217529297,
    -64.42220306396484,
    -61.3137092590332,
    -58.944271087646484,
    -58,
    -58.944271087646484,
    -61.3137092590332,
    -64.42220306396484,
    -67.88854217529297,
    -52.5773811340332,
    -50.5,
    -48.60660171508789,
    -47.013877868652344,
    -45.90569305419922,
    -45.5,
    -45.90569305419922,
    -47.013877868652344,
    -48.60660171508789,
    -50.5,
    -52.5773811340332,
    -54.770511627197266,
    -57.039432525634766,
    -59.360008239746094,
    -61.71708297729492,
    -64.10076904296875,
    -66.50438690185547,
    -68.92329406738281,
    -71.35415649414062,
    -73.7945556640625,
    -73.32380676269531,
    -70,
    -66.97056579589844,
    -64.42220306396484,
    -62.64910888671875,
    -62,
    -62.64910888671875,
    -64.42220306396484,
    -66.97056579589844,
    -70,
    -54.0078125,
    -52.14213562011719,
    -50.5,
    -49.18033981323242,
    -48.30776596069336,
    -48,
    -48.30776596069336,
    -49.18033981323242,
    -50.5,
    -52.14213562011719,
    -54.0078125,
    -56.02775573730469,
    -58.155643463134766,
    -60.360679626464844,
    -62.62214279174805,
    -64.92582702636719,
    -67.26174926757812,
    -69.6227798461914,
    -72.00367736816406,
    -74.40055084228516,
    -75.61249542236328,
    -72.6274185180664,
    -70,
    -67.88854217529297,
    -66.49242401123047,
    -66,
    -66.49242401123047,
    -67.88854217529297,
    -70,
    -72.6274185180664
  ],