{
  "minRSSI": -90,
  "maxRSSI": -30,
  "avgRSSI": -55,
  "calculationTimeMs": 10,
  "gridStep": 1,
  "lodLevel": 2,
  "totalCells": 216,
  "gridWidth": 18,
  "gridHeight": 12,
  "apIds": [
    "ap-wohn",
    "ap-flur",
    "ap-kueche"
  ],
  "coverageBins": {
    "excellent": 182,
    "good": 34,
    "fair": 0,
    "poor": 0,
    "none": 0
  },
  "rssiGrid": [
    -52.608150482177734,
    -52.068904876708984,
    -51.725982666015625,
    -51.608150482177734,
    -51.725982666015625,
    -52.068904876708984,
    -44.96726989746094,
    -42.4940071105957,
    -40.5,
    -39.69924545288086,
    -40.5,
    -42.4940071105957,
    -43.96726989746094,
    -41.4940071105957,
    -39.5,
    -38.69924545288086,
    -39.5,
    -41.4940071105957,
    -50.859989166259766,
    -50.174827575683594,
    -49.73197555541992,
    -49.57843017578125,
    -49.73197555541992,
    -50.174827575683594,
    -42.4940071105957,
    -38.804073333740234,
    -35.23197555541992,
    -33.536048889160156,
    -35.23197555541992,
    -38.804073333740234,
    -41.4940071105957,
    -37.804073333740234,
    -34.23197555541992,
    -32.536048889160156,
    -34.23197555541992,
    -37.804073333740234,
    -48.931217193603516,
    -48.036048889160156,
    -47.44353103637695,
    -47.235294342041016,
    -47.44353103637695,
    -48.036048889160156,
    -40.5,
    -35.23197555541992,
    -28.268024444580078,
    -23,
    -28.268024444580078,
    -35.23197555541992,
    -39.5,
    -34.23197555541992,
    -27.268024444580078,
    -22,
    -27.268024444580078,
    -34.23197555541992,
    -46.800880432128906,
    -45.59196472167969,
    -44.76203536987305,
    -44.463951110839844,
    -44.76203536987305,
    -45.59196472167969,
    -39.69924545288086,
    -33.536048889160156,
    -23,
    -23,
    -23,
    -33.536048889160156,
    -38.69924545288086,
    -32.536048889160156,
    -22,
    -22,
    -22,
    -32.536048889160156,
    -44.463951110839844,
    -42.76802444458008,
    -41.53285598754883,
    -41.07210159301758,
    -41.53285598754883,
    -42.76802444458008,
    -40.5,
    -35.23197555541992,
    -28.268024444580078,
    -23,
    -28.268024444580078,
    -35.23197555541992,
    -39.5,
    -34.23197555541992,
    -27.268024444580078,
    -22,
    -27.268024444580078,
    -34.23197555541992,
    -41.96726989746094,
    -39.4940071105957,
    -37.5,
    -36.69924545288086,
    -37.5,
    -39.4940071105957,
    -42.4940071105957,
    -38.804073333740234,
    -35.23197555541992,
    -33.536048889160156,
    -35.23197555541992,
    -38.804073333740234,
    -41.4940071105957,
    -37.804073333740234,
    -34.23197555541992,
    -32.536048889160156,
    -34.23197555541992,
    -37.804073333740234,
    -39.4940071105957,
    -35.804073333740234,
    -32.23197555541992,
    -30.53605079650879,
    -32.23197555541992,
    -35.804073333740234,
    -43.4940071105957,
    -42.4940071105957,
    -40.5,
    -39.69924545288086,
    -40.5,
    -42.4940071105957,
    -43.96726989746094,
    -41.4940071105957,
    -39.5,
    -38.69924545288086,
    -39.5,
    -41.4940071105957,
    -37.5,
    -32.23197555541992,
    -25.268024444580078,
    -20,
    -25.268024444580078,
    -32.23197555541992,
    -41.5,
    -45.53285598754883,
    -44.53285598754883,
    -44.07210159301758,
    -44.53285598754883,
    -45.76802444458008,
    -46.463951110839844,
    -44.76802444458008,
    -43.53285598754883,
    -43.07210159301758,
    -43.53285598754883,
    -44.76802444458008,
    -36.69924545288086,
    -30.53605079650879,
    -20,
    -20,
    -20,
    -30.53605079650879,
    -40.69924545288086,
    -45.07210159301758,
    -47.76203536987305,
    -47.463951110839844,
    -47.76203536987305,
    -48.59196472167969,
    -48.800880432128906,
    -47.59196472167969,
    -46.76203536987305,
    -46.463951110839844,
    -46.76203536987305,
    -47.59196472167969,
    -37.5,
    -32.23197555541992,
    -25.268024444580078,
    -20,
    -25.268024444580078,
    -32.23197555541992,
    -41.5,
    -45.53285598754883,
    -48.76203536987305,
    -50.235294342041016,
    -50.44353103637695,
    -51.036048889160156,
    -50.931217193603516,
    -50.036048889160156,
    -49.44353103637695,
    -49.235294342041016,
    -49.44353103637695,
    -50.036048889160156,
    -39.4940071105957,
    -35.804073333740234,
    -32.23197555541992,
    -30.53605079650879,
    -32.23197555541992,
    -35.804073333740234,
    -43.4940071105957,
    -46.76802444458008,
    -49.59196472167969,
    -52.036048889160156,
    -52.73197555541992,
    -53.174827575683594,
    -52.859989166259766,
    -52.174827575683594,
    -51.73197555541992,
    -51.57843017578125,
    -51.73197555541992,
    -52.174827575683594,
    -41.96726989746094,
    -39.4940071105957,
    -37.5,
    -36.69924545288086,
    -37.5,
    -39.4940071105957,
    -45.96726989746094,
    -48.463951110839844,
    -50.800880432128906,
    -52.931217193603516,
    -54.725982666015625,
    -55.068904876708984,
    -54.608150482177734,
    -54.068904876708984,
    -53.725982666015625,
    -53.608150482177734,
    -53.725982666015625,
    -54.068904876708984
  ],
  "apIndexGrid": [
    0,
    0,
    0,
    0,
    0,
    0,
    1,
    1,
    1,
    1,
    1,
    1,
    2,
    2,
    2,
    2,
    2,
    2,
    0,
    0,
    0,
    0,
    0,
    0,
    1,
    1,
    1,
    1,
    1,
    1,
    2,
    2,
    2,
    2,
    2,
    2,
    0,
    0,
    0,
    0,
    0,
    0,
    1,
    1,
    1,
    1,
    1,
    1,
    2,
    2,
    2,
    2,
    2,
    2,
    0,
    0,
    0,
    0,
    0,
    0,
    1,
    1,
    1,
    1,
    1,
    1,
    2,
    2,
    2,
    2,
    2,
    2,
    0,
    0,
    0,
    0,
    0,
    0,
    1,
    1,
    1,
    1,
    1,
    1,
    2,
    2,
    2,
    2,
    2,
    2,
    0,
    0,
    0,
    0,
    0,
    0,
    1,
    1,
    1,
    1,
    1,
    1,
    2,
    2,
    2,
    2,
    2,
    2,
    0,
    0,
    0,
    0,
    0,
    0,
    0,
    1,
    1,
    1,
    1,
    1,
    2,
    2,
    2,
    2,
    2,
    2,
    0,
    0,
    0,
    0,
    0,
    0,
    0,
    0,
    1,
    1,
    1,
    1,
    2,
    2,
    2,
    2,
    2,
    2,
    0,
    0,
    0,
    0,
    0,
    0,
    0,
    0,
    1,
    1,
    1,
    1,
    2,
    2,
    2,
    2,
    2,
    2,
    0,
    0,
    0,
    0,
    0,
    0,
    0,
    0,
    0,
    1,
    1,
    1,
    2,
    2,
    2,
    2,
    2,
    2,
    0,
    0,
    0,
    0,
    0,
    0,
    0,
    0,
    0,
    0,
    1,
    1,
    2,
    2,
    2,
    2,
    2,
    2,
    0,
    0,
    0,
    0,
    0,
    0,
    0,
    0,
    0,
    0,
    1,
    1,
    2,
    2,
    2,
    2,
    2,
    2
  ],